Experiment,Budget,KV Size (GB),TPOT (ms),Throughput (T/s),PPL
H2O (B=64),64,0.01953125,47.17419226653874,21.198031210580215,17.765625
RankKV (B=64),64,0.019378662109375,49.50599861331284,20.19957233487835,15.703125
H2O (B=128),128,0.0390625,46.13014520145953,21.677798663602747,14.2421875
RankKV (B=128),128,0.03891944885253906,49.74699206650257,20.10171788202157,10.3828125
H2O (B=256),256,0.078125,46.544435201212764,21.484845517557037,11.96875
RankKV (B=256),256,0.077972412109375,47.18335485085845,21.193914743046427,8.9140625
H2O (B=512),512,0.15625,48.46502165310085,20.633437598722683,10.078125
RankKV (B=512),512,0.15608787536621094,54.77512371726334,18.256462644644515,8.375
