Experiment,Budget,KV Size (GB),TPOT (ms),Throughput (T/s),PPL
RankKV (a=0.0),384,0.1171875,49.64409302920103,20.1433834114321,10.7265625
RankKV (a=0.2),384,0.11700630187988281,49.26292086020112,20.299242970951955,8.65625
RankKV (a=0.3),384,0.11704444885253906,51.25448992475867,19.510485841689086,8.5390625
RankKV (a=0.5),384,0.11699676513671875,45.542335603386164,21.95759147507683,10.078125
RankKV (a=0.7),384,0.11702537536621094,45.205460861325264,22.121221218552655,10.625
