Experiment,Budget,KV Size (GB),TPOT (ms),Throughput (T/s),PPL
Baseline,0,1.15692138671875,49.99091709032655,20.003633823983282,8.2109375
H2O (32+32),64,0.01953125,48.715039156377316,20.52754174722016,17.765625
H2O (64+64),128,0.0390625,49.852912314236164,20.059008663259913,14.2421875
H2O (128+128),256,0.078125,50.04829401150346,19.980701035886515,11.96875
H2O (256+256),512,0.15625,51.176304230466485,19.540293404084384,10.078125
