Experiment,Budget,KV Size (GB),TPOT (ms),Throughput (T/s),PPL
RankKV (B=64),64,0.019378662109375,50.72536366060376,19.714003564190463,15.703125
RankKV (B=128),128,0.03891944885253906,48.63545950502157,20.56112988706832,10.3828125
RankKV (B=256),256,0.077972412109375,49.0549448877573,20.38530472897486,8.9140625
RankKV (B=512),512,0.15608787536621094,50.63325446099043,19.749866182716612,8.375
