Experiment,Budget,KV Size (GB),TPOT (ms),Throughput (T/s),PPL
RankKV (a=-0.3),384,0.11704444885253906,51.971199456602335,19.2414262217487,9.5625
RankKV (a=-0.2),384,0.11701583862304688,49.048054963350296,20.388168312631773,9.484375
RankKV (a=0.0),384,0.1171875,49.64409302920103,20.1433834114321,10.7265625
RankKV (a=0.3),384,0.11704444885253906,51.25448992475867,19.510485841689086,8.5390625
