{
    "0": 1640.3863525390625,
    "1": 1214.1656494140625,
    "2": 1741.9906005859375,
    "3": 1501.093505859375,
    "4": 1536.7442626953125,
    "5": 1522.87646484375,
    "6": 1599.0069580078125,
    "7": 1638.51025390625,
    "8": 1499.0927734375,
    "9": 1512.988525390625,
    "10": 1305.04541015625,
    "11": 1238.0750732421875,
    "12": 1231.897705078125,
    "13": 1103.4578857421875,
    "14": 1029.6365966796875,
    "15": 874.2388305664062,
    "16": 800.0164184570312,
    "17": 686.2384643554688,
    "18": 570.720703125,
    "19": 442.0845947265625,
    "20": 329.5237731933594,
    "21": 266.1713562011719,
    "22": 202.11251831054688,
    "23": 135.20248413085938,
    "24": 113.83041381835938,
    "25": 105.4404067993164,
    "26": 102.431884765625,
    "27": 97.45944213867188,
    "28": 101.95939636230469,
    "29": 104.48695373535156,
    "30": 110.78465270996094,
    "31": 133.88946533203125
}