{
  "model": "EleutherAI/pythia-410m",
  "dataset": "wikitext",
  "num_samples": 10,
  "num_layers": 24,
  "mean_ranks": [
    0.6436777135630405,
    0.6439833284782649,
    0.5085548874239659,
    0.604258007257761,
    0.6572352604014622,
    0.656628689565111,
    0.25339329366410157,
    0.3092519575901623,
    0.2038044258538362,
    0.18093007666817834,
    0.1364139724541829,
    0.10651001202680872,
    0.23088378413820027,
    0.14943834402303702,
    0.2692728501298202,
    0.16998749666759924,
    0.10679097349420404,
    0.21898541824046697,
    0.08958376739664702,
    0.1457519080836142,
    0.11784580941840776,
    0.19259670254862693,
    0.3467507998546252,
    0.40716135798708847
  ],
  "std_ranks": [
    0.019320994150320358,
    0.0172509605490064,
    0.03469285227529366,
    0.02051482235972907,
    0.02550789867824988,
    0.012773533408014173,
    0.028539613583333887,
    0.038382568182094685,
    0.04256520031815754,
    0.030599802438324684,
    0.022503517452386726,
    0.020341870226067555,
    0.03383463797707158,
    0.019753534902513487,
    0.02838691230253325,
    0.020139288984651924,
    0.0181899060269299,
    0.031545888061949294,
    0.029094166726047414,
    0.017674794805496576,
    0.03390684444843722,
    0.020587598728203604,
    0.053368314703743765,
    0.04180515452270347
  ],
  "overall_mean": 0.30623711820538385,
  "overall_std": 0.1970512637214042,
  "min_layer": 18,
  "max_layer": 4,
  "min_rank": 0.08958376739664702,
  "max_rank": 0.6572352604014622
}