{
  "model": "EleutherAI/pythia-2.8b",
  "dataset": "wikitext",
  "num_samples": 32,
  "num_layers": 32,
  "mean_ranks": [
    0.5855135342799216,
    0.6866471192180126,
    0.5519322216758065,
    0.26120747114231174,
    0.3970750349943492,
    0.24108100676462305,
    0.13330474288132074,
    0.19609767006561582,
    0.23042609525827393,
    0.2545142566218982,
    0.331425091860942,
    0.1718678391578982,
    0.21595921999085038,
    0.20175255086112273,
    0.33579201212481774,
    0.1393547261131976,
    0.1930865264214334,
    0.11569097271744624,
    0.1617616023497028,
    0.15502718759114933,
    0.1406895660505575,
    0.15628583452249747,
    0.15978067883851726,
    0.17182474138723558,
    0.12494894047204391,
    0.1460486017300399,
    0.12238742037650814,
    0.172226553224575,
    0.19720478526717936,
    0.1346431170411962,
    0.2324249373981517,
    0.15420402370348996
  ],
  "std_ranks": [
    0.02218858244959176,
    0.023746943577848376,
    0.04549848372101877,
    0.05893388807353605,
    0.04351605701146429,
    0.025247121848840547,
    0.01626669110157791,
    0.016268012893267642,
    0.020971991071963004,
    0.03879809350471282,
    0.04107020154002351,
    0.022250609475591675,
    0.03176259531791813,
    0.02252259449751999,
    0.03779854898706362,
    0.017298216861734356,
    0.019353555326754576,
    0.01900560891002802,
    0.02553512032278644,
    0.027277793185635217,
    0.019174436613122774,
    0.022076369410254985,
    0.027457714811957478,
    0.024606417501547264,
    0.029191799566103543,
    0.01961620705239916,
    0.025241758772947036,
    0.026251631740162505,
    0.025508242568179143,
    0.028450385212407624,
    0.03220658945167257,
    0.03378244597023372
  ],
  "overall_mean": 0.23350581506570892,
  "overall_std": 0.13780621608310056,
  "min_layer": 17,
  "max_layer": 1,
  "min_rank": 0.11569097271744624,
  "max_rank": 0.6866471192180126
}