{
  "model": "EleutherAI/pythia-2.8b",
  "dataset": "wikitext",
  "num_samples": 10,
  "num_layers": 32,
  "mean_ranks": [
    0.5881782289583479,
    0.6943675234399368,
    0.5649219712914034,
    0.26301255713971944,
    0.39903496266492616,
    0.24044847529209287,
    0.13181930251298518,
    0.19558540120350085,
    0.22584165497219288,
    0.2518167294650806,
    0.3217841695859691,
    0.17334993040736663,
    0.21655324176160065,
    0.20183741814888262,
    0.3292924184025826,
    0.13403811500849327,
    0.1851274506293335,
    0.10848888955097251,
    0.15311748448881657,
    0.15124161444308717,
    0.13699093850297137,
    0.1545137987807355,
    0.1544699046767635,
    0.1628735408925164,
    0.12597230277653199,
    0.14535632898082254,
    0.12854694149606732,
    0.16502522523366814,
    0.20048867873310253,
    0.1297801435504583,
    0.23498135228852135,
    0.15819980138635176
  ],
  "std_ranks": [
    0.022571533938085194,
    0.014589490929933873,
    0.03754632151142794,
    0.05993552488779118,
    0.04895258879118325,
    0.03226317331911825,
    0.013884249325842047,
    0.01063833375345015,
    0.025896646214200198,
    0.050036176894086515,
    0.052441080193703506,
    0.028590631038906033,
    0.04174339074657987,
    0.03008771077758822,
    0.0436497205073373,
    0.01770510579605741,
    0.021474056502681232,
    0.016972149549341214,
    0.02675551012055924,
    0.02352876233873307,
    0.0179421144760075,
    0.019874357504562845,
    0.02045049502626152,
    0.018928172813546373,
    0.0321533878146228,
    0.014569105578355496,
    0.02323891056691348,
    0.02034686644712374,
    0.037369009864940024,
    0.021479132563960553,
    0.037722263209332675,
    0.023777489839993695
  ],
  "overall_mean": 0.2320955155208063,
  "overall_std": 0.14039818460998377,
  "min_layer": 17,
  "max_layer": 1,
  "min_rank": 0.10848888955097251,
  "max_rank": 0.6943675234399368
}